id,label
16000,entailment
16001,neutral
16002,neutral
16003,entailment
16004,neutral
16005,neutral
16006,neutral
16007,entailment
16008,neutral
16009,entailment
16010,neutral
16011,neutral
16012,neutral
16013,neutral
16014,neutral
16015,neutral
16016,entailment
16017,neutral
16018,neutral
16019,neutral
16020,neutral
16021,neutral
16022,neutral
16023,neutral
16024,neutral
16025,neutral
16026,entailment
16027,neutral
16028,neutral
16029,neutral
16030,neutral
16031,entailment
16032,neutral
16033,neutral
16034,neutral
16035,entailment
16036,neutral
16037,neutral
16038,neutral
16039,neutral
16040,neutral
16041,neutral
16042,entailment
16043,neutral
16044,neutral
16045,entailment
16046,neutral
16047,neutral
16048,entailment
16049,entailment
16050,entailment
16051,neutral
16052,neutral
16053,neutral
16054,neutral
16055,neutral
16056,neutral
16057,entailment
16058,neutral
16059,entailment
16060,neutral
16061,entailment
16062,entailment
16063,neutral
16064,entailment
16065,entailment
16066,entailment
16067,entailment
16068,neutral
16069,entailment
16070,entailment
16071,neutral
16072,neutral
16073,neutral
16074,neutral
16075,neutral
16076,entailment
16077,entailment
16078,neutral
16079,neutral
16080,neutral
16081,neutral
16082,neutral
16083,neutral
16084,neutral
16085,entailment
16086,neutral
16087,entailment
16088,entailment
16089,neutral
16090,neutral
16091,neutral
16092,neutral
16093,neutral
16094,neutral
16095,neutral
16096,entailment
16097,neutral
16098,neutral
16099,neutral
16100,neutral
16101,neutral
16102,neutral
16103,neutral
16104,neutral
16105,entailment
16106,neutral
16107,neutral
16108,neutral
16109,entailment
16110,neutral
16111,entailment
16112,neutral
16113,neutral
16114,neutral
16115,entailment
16116,neutral
16117,neutral
16118,neutral
16119,neutral
16120,entailment
16121,neutral
16122,neutral
16123,neutral
16124,neutral
16125,neutral
16126,entailment
16127,neutral
16128,entailment
16129,neutral
16130,entailment
16131,entailment
16132,entailment
16133,entailment
16134,neutral
16135,entailment
16136,neutral
16137,entailment
16138,neutral
16139,neutral
16140,neutral
16141,neutral
16142,neutral
16143,neutral
16144,neutral
16145,neutral
16146,entailment
16147,neutral
16148,entailment
16149,entailment
16150,neutral
16151,neutral
16152,neutral
16153,entailment
16154,entailment
16155,neutral
16156,neutral
16157,entailment
16158,neutral
16159,neutral
16160,entailment
16161,neutral
16162,neutral
16163,neutral
16164,neutral
16165,entailment
16166,entailment
16167,neutral
16168,neutral
16169,neutral
16170,neutral
16171,entailment
16172,neutral
16173,entailment
16174,neutral
16175,neutral
16176,neutral
16177,entailment
16178,entailment
16179,neutral
16180,neutral
16181,entailment
16182,neutral
16183,neutral
16184,entailment
16185,neutral
16186,neutral
16187,neutral
16188,neutral
16189,entailment
16190,neutral
16191,neutral
16192,entailment
16193,entailment
16194,neutral
16195,entailment
16196,neutral
16197,neutral
16198,neutral
16199,neutral
16200,neutral
16201,neutral
16202,neutral
16203,neutral
16204,entailment
16205,neutral
16206,neutral
16207,entailment
16208,entailment
16209,neutral
16210,neutral
16211,neutral
16212,neutral
16213,neutral
16214,neutral
16215,entailment
16216,neutral
16217,neutral
16218,neutral
16219,neutral
16220,entailment
16221,entailment
16222,neutral
16223,neutral
16224,entailment
16225,entailment
16226,neutral
16227,entailment
16228,entailment
16229,neutral
16230,entailment
16231,neutral
16232,entailment
16233,neutral
16234,neutral
16235,neutral
16236,neutral
16237,neutral
16238,entailment
16239,entailment
16240,neutral
16241,neutral
16242,entailment
16243,neutral
16244,neutral
16245,neutral
16246,entailment
16247,entailment
16248,neutral
16249,entailment
16250,neutral
16251,neutral
16252,neutral
16253,neutral
16254,neutral
16255,entailment
16256,neutral
16257,neutral
16258,entailment
16259,neutral
16260,neutral
16261,neutral
16262,entailment
16263,entailment
16264,entailment
16265,entailment
16266,neutral
16267,neutral
16268,entailment
16269,neutral
16270,neutral
16271,neutral
16272,neutral
16273,neutral
16274,neutral
16275,entailment
16276,neutral
16277,entailment
16278,entailment
16279,neutral
16280,neutral
16281,entailment
16282,entailment
16283,entailment
16284,entailment
16285,neutral
16286,neutral
16287,entailment
16288,neutral
16289,neutral
16290,neutral
16291,entailment
16292,neutral
16293,entailment
16294,neutral
16295,neutral
16296,neutral
16297,neutral
16298,entailment
16299,entailment
16300,neutral
16301,entailment
16302,neutral
16303,neutral
16304,neutral
16305,neutral
16306,neutral
16307,neutral
16308,neutral
16309,entailment
16310,neutral
16311,entailment
16312,neutral
16313,neutral
16314,entailment
16315,neutral
16316,entailment
16317,neutral
16318,entailment
16319,neutral
16320,neutral
16321,neutral
16322,neutral
16323,entailment
16324,neutral
16325,neutral
16326,neutral
16327,neutral
16328,neutral
16329,entailment
16330,entailment
16331,neutral
16332,neutral
16333,neutral
16334,neutral
16335,entailment
16336,neutral
16337,entailment
16338,neutral
16339,neutral
16340,neutral
16341,neutral
16342,entailment
16343,neutral
16344,entailment
16345,neutral
16346,entailment
16347,neutral
16348,neutral
16349,entailment
16350,neutral
16351,neutral
16352,neutral
16353,neutral
16354,entailment
16355,entailment
16356,neutral
16357,neutral
16358,entailment
16359,neutral
16360,neutral
16361,neutral
16362,neutral
16363,entailment
16364,entailment
16365,entailment
16366,entailment
16367,neutral
16368,entailment
16369,neutral
16370,entailment
16371,neutral
16372,entailment
16373,entailment
16374,neutral
16375,entailment
16376,entailment
16377,entailment
16378,neutral
16379,entailment
16380,neutral
16381,neutral
16382,entailment
16383,neutral
16384,neutral
16385,neutral
16386,neutral
16387,neutral
16388,entailment
16389,neutral
16390,neutral
16391,neutral
16392,entailment
16393,entailment
16394,neutral
16395,entailment
16396,neutral
16397,neutral
16398,neutral
16399,neutral
16400,neutral
16401,neutral
16402,entailment
16403,neutral
16404,entailment
16405,neutral
16406,neutral
16407,neutral
16408,entailment
16409,neutral
16410,entailment
16411,neutral
16412,neutral
16413,entailment
16414,neutral
16415,entailment
16416,neutral
16417,entailment
16418,entailment
16419,neutral
16420,neutral
16421,neutral
16422,entailment
16423,neutral
16424,neutral
16425,entailment
16426,neutral
16427,neutral
16428,entailment
16429,entailment
16430,neutral
16431,entailment
16432,neutral
16433,neutral
16434,neutral
16435,neutral
16436,neutral
16437,entailment
16438,neutral
16439,entailment
16440,neutral
16441,neutral
16442,entailment
16443,neutral
16444,neutral
16445,neutral
16446,neutral
16447,neutral
16448,neutral
16449,entailment
16450,neutral
16451,entailment
16452,entailment
16453,neutral
16454,entailment
16455,neutral
16456,neutral
16457,neutral
16458,entailment
16459,neutral
16460,neutral
16461,neutral
16462,neutral
16463,entailment
16464,neutral
16465,neutral
16466,entailment
16467,entailment
16468,entailment
16469,neutral
16470,neutral
16471,entailment
16472,neutral
16473,neutral
16474,neutral
16475,neutral
16476,entailment
16477,entailment
16478,neutral
16479,neutral
16480,neutral
16481,entailment
16482,neutral
16483,neutral
16484,neutral
16485,entailment
16486,neutral
16487,entailment
16488,neutral
16489,neutral
16490,neutral
16491,entailment
16492,entailment
16493,entailment
16494,neutral
16495,neutral
16496,neutral
16497,entailment
16498,entailment
16499,entailment
16500,neutral
16501,neutral
16502,neutral
16503,entailment
16504,neutral
16505,neutral
16506,entailment
16507,neutral
16508,entailment
16509,neutral
16510,entailment
16511,neutral
16512,entailment
16513,neutral
16514,neutral
16515,neutral
16516,neutral
16517,neutral
16518,entailment
16519,entailment
16520,entailment
16521,entailment
16522,neutral
16523,neutral
16524,neutral
16525,entailment
16526,neutral
16527,neutral
16528,entailment
16529,neutral
16530,entailment
16531,neutral
16532,neutral
16533,entailment
16534,neutral
16535,entailment
16536,entailment
16537,neutral
16538,entailment
16539,neutral
16540,entailment
16541,entailment
16542,entailment
16543,neutral
16544,neutral
16545,entailment
16546,entailment
16547,neutral
16548,entailment
16549,neutral
16550,entailment
16551,neutral
16552,neutral
16553,neutral
16554,neutral
16555,neutral
16556,neutral
16557,neutral
16558,neutral
16559,neutral
16560,neutral
16561,entailment
16562,neutral
16563,neutral
16564,entailment
16565,neutral
16566,neutral
16567,entailment
16568,entailment
16569,neutral
16570,neutral
16571,neutral
16572,neutral
16573,entailment
16574,neutral
16575,entailment
16576,neutral
16577,neutral
16578,neutral
16579,entailment
16580,neutral
16581,entailment
16582,neutral
16583,neutral
16584,neutral
16585,neutral
16586,entailment
16587,entailment
16588,neutral
16589,entailment
16590,neutral
16591,neutral
16592,neutral
16593,neutral
16594,entailment
16595,entailment
16596,neutral
16597,neutral
16598,neutral
16599,neutral
16600,entailment
16601,entailment
16602,neutral
16603,neutral
16604,entailment
16605,neutral
16606,entailment
16607,neutral
16608,entailment
16609,neutral
16610,entailment
16611,neutral
16612,neutral
16613,neutral
16614,neutral
16615,neutral
16616,entailment
16617,neutral
16618,entailment
16619,neutral
16620,entailment
16621,neutral
16622,entailment
16623,neutral
16624,neutral
16625,entailment
16626,entailment
16627,entailment
16628,neutral
16629,entailment
16630,neutral
16631,entailment
16632,neutral
16633,neutral
16634,neutral
16635,entailment
16636,neutral
16637,entailment
16638,neutral
16639,neutral
16640,neutral
16641,neutral
16642,entailment
16643,entailment
16644,neutral
16645,neutral
16646,neutral
16647,entailment
16648,neutral
16649,neutral
16650,neutral
16651,entailment
16652,neutral
16653,entailment
16654,neutral
16655,neutral
16656,entailment
16657,neutral
16658,neutral
16659,neutral
16660,entailment
16661,neutral
16662,neutral
16663,neutral
16664,entailment
16665,neutral
16666,neutral
16667,entailment
16668,neutral
16669,neutral
16670,neutral
16671,entailment
16672,entailment
16673,entailment
16674,neutral
16675,neutral
16676,neutral
16677,neutral
16678,entailment
16679,entailment
16680,entailment
16681,neutral
16682,entailment
16683,entailment
16684,neutral
16685,neutral
16686,neutral
16687,entailment
16688,neutral
16689,entailment
16690,entailment
16691,neutral
16692,neutral
16693,neutral
16694,neutral
16695,neutral
16696,neutral
16697,neutral
16698,neutral
16699,entailment
16700,entailment
16701,neutral
16702,neutral
16703,neutral
16704,neutral
16705,entailment
16706,entailment
16707,entailment
16708,neutral
16709,entailment
16710,neutral
16711,neutral
16712,entailment
16713,neutral
16714,neutral
16715,neutral
16716,entailment
16717,neutral
16718,neutral
16719,neutral
16720,neutral
16721,entailment
16722,neutral
16723,neutral
16724,entailment
16725,neutral
16726,neutral
16727,neutral
16728,entailment
16729,neutral
16730,neutral
16731,neutral
16732,neutral
16733,entailment
16734,neutral
16735,neutral
16736,neutral
16737,entailment
16738,entailment
16739,neutral
16740,entailment
16741,entailment
16742,entailment
16743,neutral
16744,neutral
16745,neutral
16746,neutral
16747,neutral
16748,neutral
16749,entailment
16750,entailment
16751,neutral
16752,entailment
16753,neutral
16754,entailment
16755,neutral
16756,neutral
16757,neutral
16758,neutral
16759,neutral
16760,neutral
16761,entailment
16762,entailment
16763,entailment
16764,entailment
16765,neutral
16766,entailment
16767,neutral
16768,neutral
16769,entailment
16770,neutral
16771,neutral
16772,neutral
16773,entailment
16774,neutral
16775,neutral
16776,entailment
16777,entailment
16778,neutral
16779,entailment
16780,neutral
16781,entailment
16782,neutral
16783,entailment
16784,neutral
16785,neutral
16786,entailment
16787,neutral
16788,neutral
16789,entailment
16790,neutral
16791,entailment
16792,neutral
16793,entailment
16794,neutral
16795,entailment
16796,neutral
16797,neutral
16798,neutral
16799,neutral
16800,neutral
16801,neutral
16802,entailment
16803,neutral
16804,neutral
16805,neutral
16806,neutral
16807,neutral
16808,neutral
16809,entailment
16810,neutral
16811,neutral
16812,entailment
16813,neutral
16814,neutral
16815,entailment
16816,neutral
16817,entailment
16818,neutral
16819,neutral
16820,neutral
16821,entailment
16822,neutral
16823,neutral
16824,neutral
16825,neutral
16826,neutral
16827,entailment
16828,neutral
16829,neutral
16830,neutral
16831,neutral
16832,entailment
16833,neutral
16834,entailment
16835,entailment
16836,neutral
16837,neutral
16838,neutral
16839,neutral
16840,entailment
16841,neutral
16842,entailment
16843,neutral
16844,neutral
16845,neutral
16846,neutral
16847,neutral
16848,neutral
16849,entailment
16850,neutral
16851,neutral
16852,entailment
16853,neutral
16854,entailment
16855,entailment
16856,neutral
16857,neutral
16858,neutral
16859,neutral
16860,entailment
16861,neutral
16862,neutral
16863,neutral
16864,neutral
16865,neutral
16866,entailment
16867,entailment
16868,neutral
16869,entailment
16870,neutral
16871,neutral
16872,neutral
16873,entailment
16874,neutral
16875,neutral
16876,entailment
16877,neutral
16878,neutral
16879,entailment
16880,neutral
16881,entailment
16882,neutral
16883,neutral
16884,entailment
16885,neutral
16886,entailment
16887,neutral
16888,neutral
16889,neutral
16890,entailment
16891,neutral
16892,neutral
16893,neutral
16894,entailment
16895,neutral
16896,neutral
16897,neutral
16898,neutral
16899,entailment
16900,entailment
16901,neutral
16902,neutral
16903,entailment
16904,entailment
16905,neutral
16906,neutral
16907,entailment
16908,neutral
16909,neutral
16910,neutral
16911,neutral
16912,neutral
16913,neutral
16914,neutral
16915,neutral
16916,neutral
16917,entailment
16918,entailment
16919,neutral
16920,neutral
16921,neutral
16922,neutral
16923,entailment
16924,neutral
16925,neutral
16926,neutral
16927,neutral
16928,entailment
16929,neutral
16930,neutral
16931,entailment
16932,entailment
16933,neutral
16934,entailment
16935,entailment
16936,neutral
16937,neutral
16938,neutral
16939,entailment
16940,entailment
16941,entailment
16942,neutral
16943,neutral
16944,neutral
16945,neutral
16946,entailment
16947,entailment
16948,neutral
16949,neutral
16950,neutral
16951,neutral
16952,neutral
16953,neutral
16954,entailment
16955,neutral
16956,neutral
16957,neutral
16958,neutral
16959,neutral
16960,neutral
16961,entailment
16962,entailment
16963,neutral
16964,entailment
16965,neutral
16966,entailment
16967,neutral
16968,neutral
16969,neutral
16970,neutral
16971,neutral
16972,neutral
16973,neutral
16974,entailment
16975,neutral
16976,neutral
16977,neutral
16978,neutral
16979,entailment
16980,neutral
16981,neutral
16982,neutral
16983,entailment
16984,entailment
16985,neutral
16986,neutral
16987,neutral
16988,neutral
16989,neutral
16990,neutral
16991,neutral
16992,neutral
16993,neutral
16994,neutral
16995,entailment
16996,entailment
16997,neutral
16998,neutral
16999,entailment
17000,neutral
17001,neutral
17002,neutral
17003,entailment
17004,neutral
17005,neutral
17006,entailment
17007,entailment
17008,neutral
17009,neutral
17010,neutral
17011,entailment
17012,neutral
17013,neutral
17014,neutral
17015,entailment
17016,neutral
17017,entailment
17018,neutral
17019,neutral
17020,neutral
17021,neutral
17022,neutral
17023,neutral
17024,entailment
17025,neutral
17026,entailment
17027,neutral
17028,neutral
17029,neutral
17030,neutral
17031,entailment
17032,entailment
17033,neutral
17034,neutral
17035,neutral
17036,neutral
17037,entailment
17038,neutral
17039,neutral
17040,neutral
17041,neutral
17042,entailment
17043,neutral
17044,entailment
17045,neutral
17046,neutral
17047,neutral
17048,entailment
17049,neutral
17050,neutral
17051,neutral
17052,neutral
17053,entailment
17054,neutral
17055,neutral
17056,entailment
17057,neutral
17058,neutral
17059,neutral
17060,neutral
17061,neutral
17062,entailment
17063,neutral
17064,neutral
17065,neutral
17066,entailment
17067,neutral
17068,neutral
17069,entailment
17070,neutral
17071,entailment
17072,neutral
17073,neutral
17074,neutral
17075,neutral
17076,entailment
17077,neutral
17078,neutral
17079,neutral
17080,neutral
17081,entailment
17082,neutral
17083,entailment
17084,neutral
17085,neutral
17086,entailment
17087,entailment
17088,neutral
17089,neutral
17090,entailment
17091,neutral
17092,neutral
17093,neutral
17094,entailment
17095,entailment
17096,neutral
17097,neutral
17098,neutral
17099,neutral
17100,neutral
17101,entailment
17102,neutral
17103,neutral
17104,neutral
17105,neutral
17106,entailment
17107,neutral
17108,entailment
17109,entailment
17110,neutral
17111,neutral
17112,entailment
17113,entailment
17114,neutral
17115,neutral
17116,neutral
17117,entailment
17118,entailment
17119,neutral
17120,entailment
17121,neutral
17122,entailment
17123,neutral
17124,neutral
17125,neutral
17126,neutral
17127,neutral
17128,neutral
17129,entailment
17130,entailment
17131,neutral
17132,entailment
17133,neutral
17134,neutral
17135,neutral
17136,neutral
17137,neutral
17138,neutral
17139,entailment
17140,neutral
17141,neutral
17142,neutral
17143,entailment
17144,neutral
17145,neutral
17146,neutral
17147,entailment
17148,neutral
17149,neutral
17150,neutral
17151,neutral
17152,entailment
17153,neutral
17154,neutral
17155,neutral
17156,entailment
17157,neutral
17158,entailment
17159,neutral
17160,neutral
17161,neutral
17162,neutral
17163,neutral
17164,entailment
17165,neutral
17166,neutral
17167,entailment
17168,entailment
17169,neutral
17170,neutral
17171,neutral
17172,neutral
17173,entailment
17174,neutral
17175,neutral
17176,neutral
17177,neutral
17178,neutral
17179,entailment
17180,neutral
17181,entailment
17182,neutral
17183,neutral
17184,neutral
17185,entailment
17186,neutral
17187,entailment
17188,neutral
17189,neutral
17190,entailment
17191,neutral
17192,neutral
17193,entailment
17194,entailment
17195,neutral
17196,neutral
17197,neutral
17198,neutral
17199,neutral
17200,neutral
17201,neutral
17202,entailment
17203,entailment
17204,neutral
17205,neutral
17206,neutral
17207,neutral
17208,neutral
17209,entailment
17210,neutral
17211,neutral
17212,entailment
17213,entailment
17214,neutral
17215,entailment
17216,neutral
17217,entailment
17218,neutral
17219,neutral
17220,neutral
17221,neutral
17222,entailment
17223,neutral
17224,neutral
17225,neutral
17226,entailment
17227,neutral
17228,neutral
17229,neutral
17230,neutral
17231,neutral
17232,neutral
17233,neutral
17234,entailment
17235,neutral
17236,entailment
17237,neutral
17238,neutral
17239,entailment
17240,entailment
17241,neutral
17242,neutral
17243,neutral
17244,neutral
17245,neutral
17246,neutral
17247,neutral
17248,neutral
17249,entailment
17250,neutral
17251,neutral
17252,entailment
17253,neutral
17254,entailment
17255,neutral
17256,neutral
17257,neutral
17258,entailment
17259,neutral
17260,neutral
17261,neutral
17262,entailment
17263,neutral
17264,neutral
17265,entailment
17266,neutral
17267,neutral
17268,entailment
17269,neutral
17270,entailment
17271,entailment
17272,neutral
17273,neutral
17274,entailment
17275,neutral
17276,neutral
17277,neutral
17278,neutral
17279,neutral
17280,neutral
17281,neutral
17282,entailment
17283,neutral
17284,neutral
17285,neutral
17286,neutral
17287,neutral
17288,entailment
17289,neutral
17290,entailment
17291,neutral
17292,neutral
17293,entailment
17294,entailment
17295,neutral
17296,neutral
17297,entailment
17298,entailment
17299,entailment
17300,neutral
17301,neutral
17302,neutral
17303,neutral
17304,neutral
17305,neutral
17306,neutral
17307,neutral
17308,entailment
17309,entailment
17310,neutral
17311,entailment
17312,neutral
17313,neutral
17314,entailment
17315,neutral
17316,neutral
17317,neutral
17318,neutral
17319,entailment
17320,neutral
17321,neutral
17322,neutral
17323,neutral
17324,neutral
17325,entailment
17326,neutral
17327,neutral
17328,neutral
17329,neutral
17330,neutral
17331,neutral
17332,entailment
17333,entailment
17334,neutral
17335,neutral
17336,neutral
17337,neutral
17338,entailment
17339,neutral
17340,neutral
17341,neutral
17342,neutral
17343,entailment
17344,entailment
17345,neutral
17346,neutral
17347,entailment
17348,neutral
17349,neutral
17350,neutral
17351,neutral
17352,neutral
17353,entailment
17354,neutral
17355,neutral
17356,neutral
17357,neutral
17358,entailment
17359,neutral
17360,neutral
17361,neutral
17362,neutral
17363,entailment
17364,neutral
17365,neutral
17366,neutral
17367,entailment
17368,neutral
17369,entailment
17370,entailment
17371,neutral
17372,entailment
17373,entailment
17374,neutral
17375,neutral
17376,entailment
17377,neutral
17378,entailment
17379,neutral
17380,neutral
17381,neutral
17382,neutral
17383,entailment
17384,neutral
17385,neutral
17386,neutral
17387,neutral
17388,neutral
17389,neutral
17390,neutral
17391,entailment
17392,neutral
17393,neutral
17394,neutral
17395,neutral
17396,neutral
17397,entailment
17398,neutral
17399,neutral
17400,neutral
17401,neutral
17402,neutral
17403,neutral
17404,entailment
17405,neutral
17406,neutral
17407,neutral
17408,entailment
17409,neutral
17410,neutral
17411,entailment
17412,neutral
17413,neutral
17414,entailment
17415,neutral
17416,entailment
17417,neutral
17418,entailment
17419,entailment
17420,neutral
17421,neutral
17422,entailment
17423,neutral
17424,neutral
17425,neutral
17426,neutral
17427,neutral
17428,neutral
17429,entailment
17430,neutral
17431,neutral
17432,neutral
17433,neutral
17434,neutral
17435,neutral
17436,entailment
17437,neutral
17438,entailment
17439,neutral
17440,neutral
17441,neutral
17442,entailment
17443,entailment
17444,neutral
17445,neutral
17446,neutral
17447,entailment
17448,neutral
17449,neutral
17450,entailment
17451,entailment
17452,entailment
17453,neutral
17454,neutral
17455,neutral
17456,neutral
17457,neutral
17458,neutral
17459,neutral
17460,neutral
17461,neutral
17462,neutral
17463,entailment
17464,entailment
17465,neutral
17466,entailment
17467,neutral
17468,neutral
17469,entailment
17470,neutral
17471,neutral
17472,neutral
17473,neutral
17474,neutral
17475,neutral
17476,neutral
17477,entailment
17478,neutral
17479,neutral
17480,neutral
17481,neutral
17482,entailment
17483,neutral
17484,neutral
17485,neutral
17486,neutral
17487,neutral
17488,neutral
17489,neutral
17490,neutral
17491,neutral
17492,neutral
17493,neutral
17494,neutral
17495,entailment
17496,neutral
17497,neutral
17498,entailment
17499,neutral
17500,neutral
17501,neutral
17502,neutral
17503,entailment
17504,entailment
17505,entailment
17506,entailment
17507,entailment
17508,neutral
17509,neutral
17510,neutral
17511,neutral
17512,neutral
17513,neutral
17514,entailment
17515,neutral
17516,neutral
17517,entailment
17518,neutral
17519,neutral
17520,neutral
17521,neutral
17522,neutral
17523,neutral
17524,entailment
17525,neutral
17526,entailment
17527,neutral
17528,entailment
17529,neutral
17530,neutral
17531,neutral
17532,entailment
17533,neutral
17534,neutral
17535,entailment
17536,entailment
17537,neutral
17538,neutral
17539,entailment
17540,neutral
17541,neutral
17542,neutral
17543,neutral
17544,entailment
17545,entailment
17546,entailment
17547,neutral
17548,neutral
17549,neutral
17550,neutral
17551,entailment
17552,neutral
17553,neutral
17554,neutral
17555,neutral
17556,neutral
17557,neutral
17558,entailment
17559,neutral
17560,neutral
17561,neutral
17562,entailment
17563,neutral
17564,neutral
17565,neutral
17566,entailment
17567,neutral
17568,entailment
17569,neutral
17570,entailment
17571,neutral
17572,neutral
17573,neutral
17574,neutral
17575,neutral
17576,entailment
17577,neutral
17578,entailment
17579,entailment
17580,entailment
17581,neutral
17582,neutral
17583,entailment
17584,entailment
17585,neutral
17586,neutral
17587,neutral
17588,entailment
17589,entailment
17590,neutral
17591,neutral
17592,entailment
17593,entailment
17594,neutral
17595,neutral
17596,entailment
17597,neutral
17598,entailment
17599,entailment
17600,neutral
17601,neutral
17602,entailment
17603,neutral
17604,entailment
17605,neutral
17606,neutral
17607,neutral
17608,entailment
17609,neutral
17610,neutral
17611,neutral
17612,neutral
17613,neutral
17614,entailment
17615,neutral
17616,neutral
17617,neutral
17618,neutral
17619,neutral
17620,neutral
17621,neutral
17622,entailment
17623,neutral
17624,neutral
17625,neutral
17626,neutral
17627,entailment
17628,neutral
17629,entailment
17630,neutral
17631,neutral
17632,neutral
17633,neutral
17634,entailment
17635,neutral
17636,neutral
17637,neutral
17638,neutral
17639,entailment
17640,neutral
17641,neutral
17642,neutral
17643,neutral
17644,entailment
17645,neutral
17646,neutral
17647,neutral
17648,entailment
17649,neutral
17650,neutral
17651,neutral
17652,neutral
17653,neutral
17654,neutral
17655,neutral
17656,neutral
17657,neutral
17658,neutral
17659,neutral
17660,entailment
17661,neutral
17662,neutral
17663,neutral
17664,neutral
17665,neutral
17666,entailment
17667,neutral
17668,neutral
17669,neutral
17670,neutral
17671,neutral
17672,entailment
17673,neutral
17674,neutral
17675,neutral
17676,neutral
17677,neutral
17678,entailment
17679,neutral
17680,entailment
17681,neutral
17682,entailment
17683,neutral
17684,neutral
17685,neutral
17686,neutral
17687,neutral
17688,neutral
17689,neutral
17690,neutral
17691,entailment
17692,neutral
17693,neutral
17694,neutral
17695,neutral
17696,neutral
17697,neutral
17698,neutral
17699,entailment
17700,neutral
17701,entailment
17702,neutral
17703,entailment
17704,neutral
17705,neutral
17706,entailment
17707,neutral
17708,entailment
17709,neutral
17710,entailment
17711,neutral
17712,neutral
17713,neutral
17714,neutral
17715,neutral
17716,neutral
17717,neutral
17718,entailment
17719,neutral
17720,neutral
17721,neutral
17722,neutral
17723,neutral
17724,entailment
17725,entailment
17726,neutral
17727,neutral
17728,neutral
17729,entailment
17730,neutral
17731,neutral
17732,entailment
17733,neutral
17734,entailment
17735,neutral
17736,entailment
17737,neutral
17738,neutral
17739,entailment
17740,neutral
17741,neutral
17742,entailment
17743,entailment
17744,neutral
17745,neutral
17746,neutral
17747,neutral
17748,entailment
17749,neutral
17750,neutral
17751,neutral
17752,neutral
17753,neutral
17754,neutral
17755,neutral
17756,neutral
17757,entailment
17758,neutral
17759,neutral
17760,neutral
17761,neutral
17762,neutral
17763,neutral
17764,neutral
17765,entailment
17766,neutral
17767,entailment
17768,neutral
17769,entailment
17770,entailment
17771,neutral
17772,neutral
17773,entailment
17774,neutral
17775,neutral
17776,neutral
17777,entailment
17778,neutral
17779,entailment
17780,neutral
17781,neutral
17782,neutral
17783,entailment
17784,neutral
17785,neutral
17786,neutral
17787,entailment
17788,neutral
17789,entailment
17790,neutral
17791,neutral
17792,neutral
17793,neutral
17794,neutral
17795,neutral
17796,entailment
17797,neutral
17798,entailment
17799,neutral
17800,entailment
17801,neutral
17802,neutral
17803,neutral
17804,neutral
17805,neutral
17806,neutral
17807,entailment
17808,entailment
17809,neutral
17810,entailment
17811,entailment
17812,neutral
17813,neutral
17814,neutral
17815,neutral
17816,entailment
17817,neutral
17818,neutral
17819,neutral
17820,entailment
17821,entailment
17822,neutral
17823,entailment
17824,neutral
17825,neutral
17826,neutral
17827,neutral
17828,entailment
17829,neutral
17830,entailment
17831,neutral
17832,neutral
17833,entailment
17834,neutral
17835,entailment
17836,neutral
17837,neutral
17838,entailment
17839,neutral
17840,neutral
17841,neutral
17842,neutral
17843,neutral
17844,neutral
17845,neutral
17846,entailment
17847,neutral
17848,entailment
17849,neutral
17850,entailment
17851,neutral
17852,neutral
17853,entailment
17854,neutral
17855,neutral
17856,entailment
17857,entailment
17858,neutral
17859,neutral
17860,neutral
17861,neutral
17862,entailment
17863,neutral
17864,neutral
17865,neutral
17866,neutral
17867,neutral
17868,neutral
17869,neutral
17870,neutral
17871,neutral
17872,neutral
17873,neutral
17874,neutral
17875,entailment
17876,neutral
17877,neutral
17878,neutral
17879,neutral
17880,neutral
17881,neutral
17882,entailment
17883,neutral
17884,neutral
17885,neutral
17886,neutral
17887,entailment
17888,neutral
17889,entailment
17890,neutral
17891,neutral
17892,neutral
17893,neutral
17894,neutral
17895,neutral
17896,entailment
17897,neutral
17898,neutral
17899,neutral
17900,neutral
17901,neutral
17902,neutral
17903,entailment
17904,neutral
17905,neutral
17906,neutral
17907,neutral
17908,entailment
17909,neutral
17910,neutral
17911,entailment
17912,entailment
17913,neutral
17914,neutral
17915,entailment
17916,neutral
17917,neutral
17918,neutral
17919,entailment
17920,neutral
17921,neutral
17922,entailment
17923,neutral
17924,neutral
17925,neutral
17926,neutral
17927,entailment
17928,entailment
17929,entailment
17930,neutral
17931,neutral
17932,neutral
17933,neutral
17934,neutral
17935,neutral
17936,neutral
17937,entailment
17938,entailment
17939,neutral
17940,neutral
17941,neutral
17942,neutral
17943,neutral
17944,neutral
17945,entailment
17946,entailment
17947,neutral
17948,neutral
17949,neutral
17950,neutral
17951,neutral
17952,entailment
17953,neutral
17954,neutral
17955,entailment
17956,neutral
17957,neutral
17958,neutral
17959,neutral
17960,neutral
17961,entailment
17962,neutral
17963,neutral
17964,neutral
17965,neutral
17966,entailment
17967,neutral
17968,neutral
17969,neutral
17970,neutral
17971,neutral
17972,entailment
17973,neutral
17974,entailment
17975,neutral
17976,entailment
17977,entailment
17978,neutral
17979,entailment
17980,neutral
17981,neutral
17982,entailment
17983,neutral
17984,neutral
17985,entailment
17986,neutral
17987,neutral
17988,neutral
17989,neutral
17990,entailment
17991,neutral
17992,entailment
17993,neutral
17994,neutral
17995,entailment
17996,neutral
17997,entailment
17998,neutral
17999,neutral
18000,neutral
18001,entailment
18002,neutral
18003,neutral
18004,neutral
18005,neutral
18006,entailment
18007,neutral
18008,neutral
18009,entailment
18010,neutral
18011,neutral
18012,entailment
18013,neutral
18014,entailment
18015,neutral
18016,entailment
18017,neutral
18018,neutral
18019,neutral
18020,entailment
18021,entailment
18022,entailment
18023,entailment
18024,neutral
18025,entailment
18026,neutral
18027,neutral
18028,neutral
18029,neutral
18030,neutral
18031,entailment
18032,neutral
18033,neutral
18034,neutral
18035,entailment
18036,neutral
18037,neutral
18038,neutral
18039,neutral
18040,neutral
18041,neutral
18042,neutral
18043,neutral
18044,neutral
18045,neutral
18046,entailment
18047,entailment
18048,neutral
18049,entailment
18050,neutral
18051,neutral
18052,entailment
18053,neutral
18054,entailment
18055,neutral
18056,neutral
18057,neutral
18058,neutral
18059,neutral
18060,entailment
18061,neutral
18062,neutral
18063,entailment
18064,neutral
18065,neutral
18066,neutral
18067,neutral
18068,neutral
18069,entailment
18070,neutral
18071,entailment
18072,neutral
18073,neutral
18074,entailment
18075,neutral
18076,neutral
18077,entailment
18078,entailment
18079,entailment
18080,neutral
18081,neutral
18082,neutral
18083,entailment
18084,entailment
18085,neutral
18086,neutral
18087,neutral
18088,neutral
18089,entailment
18090,neutral
18091,neutral
18092,neutral
18093,neutral
18094,entailment
18095,neutral
18096,neutral
18097,entailment
18098,neutral
18099,neutral
18100,neutral
18101,neutral
18102,entailment
18103,neutral
18104,entailment
18105,entailment
18106,neutral
18107,neutral
18108,neutral
18109,neutral
18110,neutral
18111,neutral
18112,neutral
18113,neutral
18114,entailment
18115,entailment
18116,neutral
18117,neutral
18118,neutral
18119,neutral
18120,entailment
18121,entailment
18122,neutral
18123,neutral
18124,entailment
18125,neutral
18126,neutral
18127,entailment
18128,neutral
18129,neutral
18130,neutral
18131,neutral
18132,entailment
18133,entailment
18134,neutral
18135,neutral
18136,neutral
18137,neutral
18138,neutral
18139,entailment
18140,neutral
18141,neutral
18142,entailment
18143,neutral
18144,neutral
18145,neutral
18146,entailment
18147,neutral
18148,entailment
18149,neutral
18150,neutral
18151,neutral
18152,neutral
18153,neutral
18154,entailment
18155,neutral
18156,neutral
18157,neutral
18158,neutral
18159,neutral
18160,neutral
18161,neutral
18162,neutral
18163,entailment
18164,neutral
18165,neutral
18166,entailment
18167,neutral
18168,neutral
18169,neutral
18170,neutral
18171,entailment
18172,entailment
18173,entailment
18174,neutral
18175,entailment
18176,entailment
18177,neutral
18178,neutral
18179,neutral
18180,neutral
18181,neutral
18182,entailment
18183,neutral
18184,neutral
18185,entailment
18186,entailment
18187,neutral
18188,neutral
18189,neutral
18190,entailment
18191,neutral
18192,neutral
18193,neutral
18194,neutral
18195,entailment
18196,neutral
18197,neutral
18198,entailment
18199,neutral
18200,neutral
18201,neutral
18202,entailment
18203,neutral
18204,neutral
18205,entailment
18206,entailment
18207,entailment
18208,neutral
18209,entailment
18210,neutral
18211,neutral
18212,neutral
18213,neutral
18214,entailment
18215,neutral
18216,entailment
18217,neutral
18218,neutral
18219,neutral
18220,neutral
18221,neutral
18222,neutral
18223,entailment
18224,neutral
18225,neutral
18226,neutral
18227,neutral
18228,neutral
18229,neutral
18230,neutral
18231,entailment
18232,neutral
18233,entailment
18234,neutral
18235,neutral
18236,neutral
18237,entailment
18238,neutral
18239,neutral
18240,neutral
18241,neutral
18242,neutral
18243,neutral
18244,neutral
18245,neutral
18246,entailment
18247,neutral
18248,neutral
18249,entailment
18250,neutral
18251,entailment
18252,neutral
18253,neutral
18254,entailment
18255,neutral
18256,entailment
18257,neutral
18258,neutral
18259,neutral
18260,neutral
18261,neutral
18262,neutral
18263,neutral
18264,entailment
18265,entailment
18266,entailment
18267,neutral
18268,neutral
18269,neutral
18270,neutral
18271,entailment
18272,neutral
18273,neutral
18274,neutral
18275,entailment
18276,neutral
18277,entailment
18278,neutral
18279,entailment
18280,entailment
18281,neutral
18282,neutral
18283,neutral
18284,neutral
18285,neutral
18286,neutral
18287,neutral
18288,neutral
18289,neutral
18290,entailment
18291,entailment
18292,neutral
18293,entailment
18294,entailment
18295,neutral
18296,neutral
18297,neutral
18298,neutral
18299,entailment
18300,neutral
18301,neutral
18302,entailment
18303,neutral
18304,entailment
18305,neutral
18306,neutral
18307,neutral
18308,entailment
18309,neutral
18310,neutral
18311,entailment
18312,neutral
18313,neutral
18314,neutral
18315,neutral
18316,entailment
18317,neutral
18318,neutral
18319,neutral
18320,neutral
18321,neutral
18322,entailment
18323,entailment
18324,neutral
18325,neutral
18326,entailment
18327,neutral
18328,entailment
18329,entailment
18330,entailment
18331,entailment
18332,neutral
18333,neutral
18334,entailment
18335,neutral
18336,neutral
18337,entailment
18338,neutral
18339,neutral
18340,neutral
18341,entailment
18342,neutral
18343,entailment
18344,entailment
18345,neutral
18346,neutral
18347,entailment
18348,neutral
18349,neutral
18350,entailment
18351,neutral
18352,neutral
18353,neutral
18354,neutral
18355,entailment
18356,neutral
18357,neutral
18358,neutral
18359,neutral
18360,entailment
18361,neutral
18362,entailment
18363,neutral
18364,neutral
18365,entailment
18366,neutral
18367,neutral
18368,neutral
18369,neutral
18370,neutral
18371,entailment
18372,neutral
18373,entailment
18374,neutral
18375,neutral
18376,entailment
18377,neutral
18378,neutral
18379,entailment
18380,neutral
18381,neutral
18382,entailment
18383,neutral
18384,neutral
18385,entailment
18386,entailment
18387,neutral
18388,neutral
18389,neutral
18390,neutral
18391,neutral
18392,neutral
18393,neutral
18394,neutral
18395,neutral
18396,neutral
18397,neutral
18398,neutral
18399,neutral
18400,neutral
18401,entailment
18402,entailment
18403,neutral
18404,neutral
18405,entailment
18406,neutral
18407,neutral
18408,neutral
18409,entailment
18410,neutral
18411,entailment
18412,neutral
18413,entailment
18414,neutral
18415,entailment
18416,neutral
18417,neutral
18418,neutral
18419,neutral
18420,neutral
18421,neutral
18422,entailment
18423,entailment
18424,entailment
18425,entailment
18426,entailment
18427,neutral
18428,neutral
18429,neutral
18430,neutral
18431,entailment
18432,neutral
18433,entailment
18434,neutral
18435,neutral
18436,entailment
18437,neutral
18438,neutral
18439,neutral
18440,neutral
18441,neutral
18442,entailment
18443,neutral
18444,entailment
18445,neutral
18446,neutral
18447,entailment
18448,entailment
18449,neutral
18450,neutral
18451,entailment
18452,neutral
18453,neutral
18454,entailment
18455,neutral
18456,neutral
18457,entailment
18458,neutral
18459,entailment
18460,entailment
18461,neutral
18462,entailment
18463,entailment
18464,neutral
18465,entailment
18466,neutral
18467,entailment
18468,entailment
18469,neutral
18470,entailment
18471,neutral
18472,neutral
18473,neutral
18474,neutral
18475,entailment
18476,neutral
18477,neutral
18478,neutral
18479,neutral
18480,neutral
18481,entailment
18482,neutral
18483,entailment
18484,neutral
18485,neutral
18486,neutral
18487,entailment
18488,neutral
18489,neutral
18490,neutral
18491,entailment
18492,neutral
18493,neutral
18494,entailment
18495,neutral
18496,neutral
18497,neutral
18498,neutral
18499,neutral
18500,entailment
18501,neutral
18502,entailment
18503,neutral
18504,neutral
18505,entailment
18506,neutral
18507,neutral
18508,neutral
18509,neutral
18510,neutral
18511,entailment
18512,neutral
18513,neutral
18514,neutral
18515,neutral
18516,neutral
18517,neutral
18518,neutral
18519,entailment
18520,entailment
18521,neutral
18522,neutral
18523,neutral
18524,entailment
18525,entailment
18526,neutral
18527,neutral
18528,entailment
18529,entailment
18530,neutral
18531,neutral
18532,neutral
18533,neutral
18534,entailment
18535,neutral
18536,neutral
18537,neutral
18538,entailment
18539,neutral
18540,neutral
18541,entailment
18542,entailment
18543,entailment
18544,neutral
18545,neutral
18546,neutral
18547,neutral
18548,entailment
18549,entailment
18550,entailment
18551,entailment
18552,entailment
18553,neutral
18554,neutral
18555,entailment
18556,neutral
18557,neutral
18558,entailment
18559,neutral
18560,neutral
18561,neutral
18562,neutral
18563,neutral
18564,entailment
18565,neutral
18566,neutral
18567,neutral
18568,entailment
18569,neutral
18570,neutral
18571,neutral
18572,entailment
18573,neutral
18574,neutral
18575,entailment
18576,neutral
18577,entailment
18578,neutral
18579,entailment
18580,entailment
18581,neutral
18582,entailment
18583,entailment
18584,neutral
18585,neutral
18586,neutral
18587,entailment
18588,neutral
18589,neutral
18590,neutral
18591,neutral
18592,neutral
18593,neutral
18594,neutral
18595,neutral
18596,neutral
18597,neutral
18598,neutral
18599,entailment
18600,neutral
18601,neutral
18602,neutral
18603,neutral
18604,neutral
18605,entailment
18606,entailment
18607,neutral
18608,entailment
18609,neutral
18610,neutral
18611,neutral
18612,entailment
18613,neutral
18614,neutral
18615,entailment
18616,neutral
18617,entailment
18618,entailment
18619,neutral
18620,neutral
18621,neutral
18622,entailment
18623,entailment
18624,entailment
18625,neutral
18626,entailment
18627,neutral
18628,entailment
18629,neutral
18630,entailment
18631,neutral
18632,entailment
18633,neutral
18634,entailment
18635,neutral
18636,neutral
18637,entailment
18638,neutral
18639,entailment
18640,entailment
18641,neutral
18642,entailment
18643,neutral
18644,neutral
18645,neutral
18646,neutral
18647,entailment
18648,neutral
18649,neutral
18650,entailment
18651,neutral
18652,entailment
18653,neutral
18654,entailment
18655,neutral
18656,entailment
18657,entailment
18658,neutral
18659,entailment
18660,neutral
18661,neutral
18662,neutral
18663,entailment
18664,neutral
18665,neutral
18666,neutral
18667,entailment
18668,neutral
18669,entailment
18670,neutral
18671,entailment
18672,neutral
18673,neutral
18674,neutral
18675,entailment
18676,neutral
18677,neutral
18678,neutral
18679,entailment
18680,neutral
18681,entailment
18682,neutral
18683,entailment
18684,entailment
18685,entailment
18686,neutral
18687,neutral
18688,neutral
18689,neutral
18690,neutral
18691,entailment
18692,neutral
18693,neutral
18694,entailment
18695,neutral
18696,entailment
18697,neutral
18698,neutral
18699,entailment
18700,neutral
18701,entailment
18702,neutral
18703,neutral
18704,neutral
18705,neutral
18706,neutral
18707,neutral
18708,neutral
18709,neutral
18710,entailment
18711,entailment
18712,neutral
18713,entailment
18714,neutral
18715,neutral
18716,neutral
18717,entailment
18718,neutral
18719,neutral
18720,entailment
18721,neutral
18722,neutral
18723,neutral
18724,neutral
18725,neutral
18726,neutral
18727,neutral
18728,neutral
18729,neutral
18730,entailment
18731,neutral
18732,entailment
18733,neutral
18734,neutral
18735,entailment
18736,neutral
18737,entailment
18738,entailment
18739,neutral
18740,entailment
18741,neutral
18742,neutral
18743,entailment
18744,neutral
18745,neutral
18746,entailment
18747,neutral
18748,neutral
18749,neutral
18750,entailment
18751,entailment
18752,neutral
18753,neutral
18754,entailment
18755,neutral
18756,neutral
18757,entailment
18758,neutral
18759,neutral
18760,entailment
18761,neutral
18762,neutral
18763,entailment
18764,neutral
18765,neutral
18766,entailment
18767,neutral
18768,entailment
18769,neutral
18770,neutral
18771,neutral
18772,neutral
18773,neutral
18774,neutral
18775,neutral
18776,entailment
18777,entailment
18778,entailment
18779,neutral
18780,neutral
18781,neutral
18782,entailment
18783,neutral
18784,neutral
18785,neutral
18786,neutral
18787,entailment
18788,neutral
18789,neutral
18790,neutral
18791,entailment
18792,neutral
18793,entailment
18794,neutral
18795,neutral
18796,neutral
18797,neutral
18798,neutral
18799,neutral
18800,entailment
18801,entailment
18802,neutral
18803,neutral
18804,neutral
18805,neutral
18806,entailment
18807,neutral
18808,neutral
18809,entailment
18810,neutral
18811,neutral
18812,entailment
18813,entailment
18814,neutral
18815,neutral
18816,neutral
18817,neutral
18818,neutral
18819,entailment
18820,neutral
18821,entailment
18822,neutral
18823,neutral
18824,neutral
18825,entailment
18826,entailment
18827,entailment
18828,entailment
18829,neutral
18830,neutral
18831,entailment
18832,neutral
18833,entailment
18834,neutral
18835,neutral
18836,entailment
18837,entailment
18838,neutral
18839,neutral
18840,entailment
18841,entailment
18842,neutral
18843,neutral
18844,entailment
18845,neutral
18846,entailment
18847,neutral
18848,neutral
18849,neutral
18850,neutral
18851,neutral
18852,neutral
18853,entailment
18854,neutral
18855,neutral
18856,entailment
18857,neutral
18858,entailment
18859,neutral
18860,neutral
18861,neutral
18862,neutral
18863,neutral
18864,neutral
18865,neutral
18866,neutral
18867,neutral
18868,entailment
18869,neutral
18870,neutral
18871,neutral
18872,entailment
18873,neutral
18874,entailment
18875,neutral
18876,neutral
18877,entailment
18878,entailment
18879,neutral
18880,neutral
18881,neutral
18882,entailment
18883,neutral
18884,neutral
18885,entailment
18886,neutral
18887,neutral
18888,neutral
18889,entailment
18890,neutral
18891,neutral
18892,neutral
18893,neutral
18894,neutral
18895,neutral
18896,entailment
18897,neutral
18898,neutral
18899,entailment
18900,entailment
18901,neutral
18902,neutral
18903,neutral
18904,entailment
18905,neutral
18906,neutral
18907,neutral
18908,entailment
18909,neutral
18910,neutral
18911,neutral
18912,neutral
18913,entailment
18914,neutral
18915,entailment
18916,neutral
18917,neutral
18918,neutral
18919,entailment
18920,neutral
18921,neutral
18922,neutral
18923,neutral
18924,neutral
18925,neutral
18926,entailment
18927,entailment
18928,neutral
18929,neutral
18930,neutral
18931,entailment
18932,neutral
18933,neutral
18934,neutral
18935,entailment
18936,neutral
18937,neutral
18938,entailment
18939,neutral
18940,neutral
18941,entailment
18942,neutral
18943,neutral
18944,entailment
18945,neutral
18946,entailment
18947,neutral
18948,neutral
18949,neutral
18950,neutral
18951,entailment
18952,neutral
18953,neutral
18954,neutral
18955,neutral
18956,neutral
18957,neutral
18958,neutral
18959,entailment
18960,entailment
18961,entailment
18962,neutral
18963,neutral
18964,neutral
18965,neutral
18966,neutral
18967,neutral
18968,neutral
18969,entailment
18970,neutral
18971,neutral
18972,neutral
18973,entailment
18974,neutral
18975,entailment
18976,neutral
18977,neutral
18978,neutral
18979,neutral
18980,neutral
18981,neutral
18982,entailment
18983,neutral
18984,neutral
18985,neutral
18986,neutral
18987,neutral
18988,neutral
18989,neutral
18990,neutral
18991,neutral
18992,neutral
18993,entailment
18994,neutral
18995,neutral
18996,neutral
18997,entailment
18998,neutral
18999,neutral
19000,entailment
19001,neutral
19002,entailment
19003,neutral
19004,entailment
19005,neutral
19006,neutral
19007,neutral
19008,neutral
19009,entailment
19010,neutral
19011,entailment
19012,neutral
19013,neutral
19014,entailment
19015,neutral
19016,entailment
19017,entailment
19018,neutral
19019,neutral
19020,neutral
19021,neutral
19022,neutral
19023,entailment
19024,entailment
19025,neutral
19026,entailment
19027,entailment
19028,neutral
19029,neutral
19030,neutral
19031,neutral
19032,neutral
19033,entailment
19034,entailment
19035,neutral
19036,entailment
19037,neutral
19038,entailment
19039,entailment
19040,neutral
19041,neutral
19042,neutral
19043,neutral
19044,neutral
19045,entailment
19046,entailment
19047,neutral
19048,neutral
19049,entailment
19050,neutral
19051,neutral
19052,neutral
19053,neutral
19054,entailment
19055,neutral
19056,neutral
19057,neutral
19058,entailment
19059,entailment
19060,neutral
19061,entailment
19062,neutral
19063,neutral
19064,neutral
19065,entailment
19066,neutral
19067,neutral
19068,neutral
19069,neutral
19070,neutral
19071,entailment
19072,neutral
19073,neutral
19074,entailment
19075,neutral
19076,neutral
19077,entailment
19078,neutral
19079,neutral
19080,neutral
19081,neutral
19082,neutral
19083,entailment
19084,neutral
19085,neutral
19086,neutral
19087,neutral
19088,neutral
19089,entailment
19090,neutral
19091,neutral
19092,neutral
19093,neutral
19094,entailment
19095,neutral
19096,neutral
19097,neutral
19098,neutral
19099,entailment
19100,entailment
19101,neutral
19102,neutral
19103,entailment
19104,neutral
19105,neutral
19106,neutral
19107,neutral
19108,entailment
19109,entailment
19110,neutral
19111,entailment
19112,entailment
19113,neutral
19114,neutral
19115,neutral
19116,entailment
19117,neutral
19118,entailment
19119,neutral
19120,neutral
19121,entailment
19122,neutral
19123,neutral
19124,neutral
19125,neutral
19126,entailment
19127,neutral
19128,neutral
19129,entailment
19130,neutral
19131,neutral
19132,entailment
19133,neutral
19134,neutral
19135,neutral
19136,neutral
19137,entailment
19138,neutral
19139,neutral
19140,entailment
19141,neutral
19142,entailment
19143,neutral
19144,neutral
19145,neutral
19146,neutral
19147,neutral
19148,entailment
19149,neutral
19150,entailment
19151,entailment
19152,neutral
19153,neutral
19154,entailment
19155,neutral
19156,entailment
19157,neutral
19158,neutral
19159,neutral
19160,neutral
19161,neutral
19162,neutral
19163,neutral
19164,neutral
19165,neutral
19166,entailment
19167,neutral
19168,entailment
19169,neutral
19170,neutral
19171,entailment
19172,neutral
19173,entailment
19174,neutral
19175,entailment
19176,neutral
19177,neutral
19178,neutral
19179,neutral
19180,neutral
19181,neutral
19182,entailment
19183,neutral
19184,neutral
19185,neutral
19186,neutral
19187,neutral
19188,neutral
19189,entailment
19190,neutral
19191,entailment
19192,entailment
19193,neutral
19194,entailment
19195,neutral
19196,neutral
19197,neutral
19198,neutral
19199,neutral
19200,neutral
19201,neutral
19202,neutral
19203,entailment
19204,neutral
19205,neutral
19206,neutral
19207,entailment
19208,neutral
19209,neutral
19210,neutral
19211,neutral
19212,neutral
19213,neutral
19214,neutral
19215,neutral
19216,neutral
19217,neutral
19218,neutral
19219,neutral
19220,neutral
19221,neutral
19222,entailment
19223,entailment
19224,entailment
19225,neutral
19226,entailment
19227,neutral
19228,neutral
19229,entailment
19230,neutral
19231,neutral
19232,neutral
19233,neutral
19234,neutral
19235,neutral
19236,entailment
19237,neutral
19238,neutral
19239,neutral
19240,neutral
19241,neutral
19242,neutral
19243,neutral
19244,neutral
19245,neutral
19246,entailment
19247,neutral
19248,neutral
19249,neutral
19250,entailment
19251,neutral
19252,neutral
19253,entailment
19254,neutral
19255,neutral
19256,neutral
19257,entailment
19258,neutral
19259,entailment
19260,neutral
19261,neutral
19262,neutral
19263,neutral
19264,entailment
19265,entailment
19266,neutral
19267,entailment
19268,neutral
19269,entailment
19270,neutral
19271,entailment
19272,neutral
19273,neutral
19274,entailment
19275,neutral
19276,neutral
19277,neutral
19278,entailment
19279,neutral
19280,neutral
19281,neutral
19282,entailment
19283,entailment
19284,neutral
19285,neutral
19286,entailment
19287,entailment
19288,entailment
19289,neutral
19290,entailment
19291,entailment
19292,neutral
19293,neutral
19294,neutral
19295,neutral
19296,entailment
19297,neutral
19298,neutral
19299,entailment
19300,neutral
19301,entailment
19302,neutral
19303,entailment
19304,neutral
19305,neutral
19306,neutral
19307,neutral
19308,neutral
19309,neutral
19310,neutral
19311,neutral
19312,entailment
19313,entailment
19314,entailment
19315,neutral
19316,neutral
19317,entailment
19318,neutral
19319,entailment
19320,neutral
19321,neutral
19322,entailment
19323,entailment
19324,neutral
19325,neutral
19326,neutral
19327,neutral
19328,entailment
19329,neutral
19330,neutral
19331,neutral
19332,neutral
19333,neutral
19334,neutral
19335,neutral
19336,neutral
19337,neutral
19338,neutral
19339,entailment
19340,neutral
19341,neutral
19342,entailment
19343,neutral
19344,neutral
19345,neutral
19346,neutral
19347,neutral
19348,neutral
19349,entailment
19350,neutral
19351,neutral
19352,neutral
19353,entailment
19354,neutral
19355,entailment
19356,entailment
19357,neutral
19358,neutral
19359,neutral
19360,neutral
19361,neutral
19362,neutral
19363,entailment
19364,neutral
19365,entailment
19366,entailment
19367,neutral
19368,entailment
19369,neutral
19370,neutral
19371,neutral
19372,neutral
19373,neutral
19374,neutral
19375,neutral
19376,entailment
19377,neutral
19378,neutral
19379,neutral
19380,neutral
19381,neutral
19382,neutral
19383,entailment
19384,entailment
19385,neutral
19386,neutral
19387,entailment
19388,entailment
19389,neutral
19390,neutral
19391,entailment
19392,neutral
19393,entailment
19394,entailment
19395,neutral
19396,neutral
19397,entailment
19398,neutral
19399,entailment
19400,neutral
19401,neutral
19402,neutral
19403,entailment
19404,entailment
19405,neutral
19406,neutral
19407,neutral
19408,neutral
19409,neutral
19410,entailment
19411,neutral
19412,neutral
19413,neutral
19414,neutral
19415,neutral
19416,neutral
19417,neutral
19418,neutral
19419,neutral
19420,entailment
19421,neutral
19422,entailment
19423,neutral
19424,entailment
19425,neutral
19426,neutral
19427,neutral
19428,neutral
19429,neutral
19430,neutral
19431,neutral
19432,neutral
19433,neutral
19434,neutral
19435,neutral
19436,neutral
19437,neutral
19438,entailment
19439,entailment
19440,neutral
19441,neutral
19442,neutral
19443,entailment
19444,neutral
19445,neutral
19446,neutral
19447,entailment
19448,neutral
19449,neutral
19450,neutral
19451,neutral
19452,neutral
19453,neutral
19454,entailment
19455,neutral
19456,neutral
19457,neutral
19458,entailment
19459,neutral
19460,neutral
19461,neutral
19462,neutral
19463,neutral
19464,neutral
19465,neutral
19466,neutral
19467,neutral
19468,neutral
19469,neutral
19470,neutral
19471,entailment
19472,neutral
19473,neutral
19474,neutral
19475,entailment
19476,neutral
19477,entailment
19478,neutral
19479,neutral
19480,neutral
19481,entailment
19482,entailment
19483,entailment
19484,neutral
19485,neutral
19486,neutral
19487,neutral
19488,neutral
19489,neutral
19490,neutral
19491,neutral
19492,neutral
19493,neutral
19494,entailment
19495,neutral
19496,neutral
19497,neutral
19498,neutral
19499,neutral
19500,entailment
19501,neutral
19502,neutral
19503,neutral
19504,neutral
19505,neutral
19506,neutral
19507,neutral
19508,entailment
19509,neutral
19510,neutral
19511,neutral
19512,neutral
19513,neutral
19514,neutral
19515,neutral
19516,neutral
19517,entailment
19518,neutral
19519,neutral
19520,neutral
19521,neutral
19522,neutral
19523,neutral
19524,entailment
19525,neutral
19526,neutral
19527,entailment
19528,neutral
19529,neutral
19530,neutral
19531,entailment
19532,neutral
19533,neutral
19534,entailment
19535,neutral
19536,entailment
19537,neutral
19538,entailment
19539,neutral
19540,neutral
19541,neutral
19542,neutral
19543,neutral
19544,neutral
19545,neutral
19546,entailment
19547,neutral
19548,neutral
19549,neutral
19550,neutral
19551,neutral
19552,neutral
19553,neutral
19554,neutral
19555,entailment
19556,neutral
19557,neutral
19558,neutral
19559,neutral
19560,neutral
19561,neutral
19562,entailment
19563,entailment
19564,neutral
19565,entailment
19566,neutral
19567,neutral
19568,neutral
19569,entailment
19570,neutral
19571,neutral
19572,neutral
19573,neutral
19574,neutral
19575,neutral
19576,neutral
19577,neutral
19578,neutral
19579,neutral
19580,neutral
19581,neutral
19582,neutral
19583,neutral
19584,neutral
19585,neutral
19586,entailment
19587,neutral
19588,neutral
19589,neutral
19590,entailment
19591,neutral
19592,entailment
19593,neutral
19594,neutral
19595,neutral
19596,entailment
19597,neutral
19598,neutral
19599,neutral
19600,neutral
19601,neutral
19602,neutral
19603,neutral
19604,neutral
19605,entailment
19606,neutral
19607,neutral
19608,neutral
19609,neutral
19610,entailment
19611,entailment
19612,entailment
19613,entailment
19614,neutral
19615,neutral
19616,neutral
19617,neutral
19618,neutral
19619,neutral
19620,neutral
19621,entailment
19622,neutral
19623,neutral
19624,entailment
19625,neutral
19626,neutral
19627,entailment
19628,entailment
19629,entailment
19630,neutral
19631,entailment
19632,neutral
19633,entailment
19634,entailment
19635,neutral
19636,neutral
19637,neutral
19638,entailment
19639,neutral
19640,neutral
19641,neutral
19642,neutral
19643,neutral
19644,entailment
19645,neutral
19646,entailment
19647,neutral
19648,entailment
19649,neutral
19650,neutral
19651,entailment
19652,entailment
19653,neutral
19654,neutral
19655,neutral
19656,neutral
19657,entailment
19658,neutral
19659,neutral
19660,entailment
19661,neutral
19662,entailment
19663,neutral
19664,neutral
19665,entailment
19666,neutral
19667,entailment
19668,entailment
19669,neutral
19670,neutral
19671,neutral
19672,entailment
19673,neutral
19674,neutral
19675,neutral
19676,neutral
19677,neutral
19678,entailment
19679,neutral
19680,neutral
19681,neutral
19682,neutral
19683,neutral
19684,entailment
19685,entailment
19686,neutral
19687,entailment
19688,neutral
19689,neutral
19690,neutral
19691,neutral
19692,neutral
19693,neutral
19694,neutral
19695,neutral
19696,entailment
19697,entailment
19698,neutral
19699,neutral
19700,neutral
19701,neutral
19702,neutral
19703,neutral
19704,neutral
19705,neutral
19706,entailment
19707,neutral
19708,neutral
19709,neutral
19710,neutral
19711,neutral
19712,neutral
19713,entailment
19714,neutral
19715,entailment
19716,neutral
19717,entailment
19718,neutral
19719,entailment
19720,neutral
19721,neutral
19722,neutral
19723,entailment
19724,neutral
19725,neutral
19726,entailment
19727,neutral
19728,entailment
19729,entailment
19730,neutral
19731,neutral
19732,neutral
19733,entailment
19734,neutral
19735,neutral
19736,neutral
19737,neutral
19738,entailment
19739,neutral
19740,entailment
19741,neutral
19742,neutral
19743,neutral
19744,neutral
19745,entailment
19746,neutral
19747,neutral
19748,neutral
19749,neutral
19750,entailment
19751,neutral
19752,neutral
19753,entailment
19754,neutral
19755,neutral
19756,neutral
19757,neutral
19758,neutral
19759,neutral
19760,entailment
19761,neutral
19762,entailment
19763,entailment
19764,entailment
19765,neutral
19766,neutral
19767,entailment
19768,neutral
19769,neutral
19770,entailment
19771,entailment
19772,neutral
19773,neutral
19774,neutral
19775,neutral
19776,neutral
19777,entailment
19778,neutral
19779,neutral
19780,neutral
19781,entailment
19782,neutral
19783,neutral
19784,neutral
19785,entailment
19786,neutral
19787,neutral
19788,neutral
19789,neutral
19790,neutral
19791,entailment
19792,neutral
19793,entailment
19794,neutral
19795,neutral
19796,entailment
19797,neutral
19798,neutral
19799,neutral
19800,neutral
19801,neutral
19802,entailment
19803,neutral
19804,neutral
19805,neutral
19806,neutral
19807,entailment
19808,entailment
19809,entailment
19810,neutral
19811,entailment
19812,neutral
19813,neutral
19814,neutral
19815,neutral
19816,entailment
19817,entailment
19818,neutral
19819,neutral
19820,entailment
19821,entailment
19822,entailment
19823,entailment
19824,neutral
19825,neutral
19826,neutral
19827,neutral
19828,entailment
19829,neutral
19830,entailment
19831,neutral
19832,entailment
19833,neutral
19834,neutral
19835,neutral
19836,entailment
19837,neutral
19838,entailment
19839,neutral
19840,neutral
19841,neutral
19842,neutral
19843,neutral
19844,neutral
19845,neutral
19846,entailment
19847,neutral
19848,neutral
19849,entailment
19850,neutral
19851,neutral
19852,entailment
19853,neutral
19854,entailment
19855,neutral
19856,neutral
19857,neutral
19858,neutral
19859,neutral
19860,entailment
19861,neutral
19862,entailment
19863,neutral
19864,neutral
19865,neutral
19866,entailment
19867,neutral
19868,neutral
19869,entailment
19870,entailment
19871,neutral
19872,neutral
19873,neutral
19874,neutral
19875,neutral
19876,entailment
19877,entailment
19878,neutral
19879,neutral
19880,entailment
19881,neutral
19882,entailment
19883,neutral
19884,entailment
19885,neutral
19886,entailment
19887,neutral
19888,neutral
19889,neutral
19890,neutral
19891,entailment
19892,neutral
19893,neutral
19894,entailment
19895,entailment
19896,neutral
19897,neutral
19898,neutral
19899,neutral
19900,entailment
19901,entailment
19902,neutral
19903,neutral
19904,neutral
19905,neutral
19906,neutral
19907,entailment
19908,neutral
19909,neutral
19910,neutral
19911,neutral
19912,neutral
19913,neutral
19914,entailment
19915,neutral
19916,neutral
19917,entailment
19918,entailment
19919,neutral
19920,neutral
19921,neutral
19922,neutral
19923,entailment
19924,entailment
19925,neutral
19926,neutral
19927,neutral
19928,entailment
19929,neutral
19930,neutral
19931,neutral
19932,neutral
19933,neutral
19934,entailment
19935,neutral
19936,neutral
19937,neutral
19938,neutral
19939,neutral
19940,neutral
19941,neutral
19942,entailment
19943,neutral
19944,neutral
19945,neutral
19946,neutral
19947,entailment
19948,entailment
19949,entailment
19950,neutral
19951,neutral
19952,entailment
19953,neutral
19954,neutral
19955,neutral
19956,neutral
19957,entailment
19958,neutral
19959,neutral
19960,neutral
19961,entailment
19962,neutral
19963,neutral
19964,neutral
19965,neutral
19966,neutral
19967,entailment
19968,neutral
19969,neutral
19970,entailment
19971,neutral
19972,neutral
19973,entailment
19974,neutral
19975,neutral
19976,neutral
19977,neutral
19978,neutral
19979,neutral
19980,neutral
19981,entailment
19982,entailment
19983,neutral
19984,neutral
19985,neutral
19986,neutral
19987,neutral
19988,entailment
19989,neutral
19990,neutral
19991,entailment
19992,neutral
19993,neutral
19994,neutral
19995,entailment
19996,neutral
19997,neutral
19998,entailment
19999,neutral
